employer.legal_name,employer.dba,employer.fein,employer.hbx_id,employer.entity_kind,employer.sic_code,employer_profile.profile_source,employer.status,office_location.is_primary,office_location.address.address_1,office_location.address.address_2,office_location.address.city,office_location.address.state,office_location.address.zip,mailing_location.address_1,mailing_location.address_2,mailing_location.city,mailing_location.state,mailing_location.zip,office_location.phone.full_phone_number,staff.name,staff.phone,staff.email,employee,offered,spouce,offered,domestic_partner,offered,child_under_26,offered,child_26_and_over,offered,benefit_group.title,benefit_group.plan_option_kind,benefit_group.carrier_for_elected_plan,benefit_group.metal_level_for_elected_plan,benefit_group.single_plan_type?,benefit_group.reference_plan.name,benefit_group.effective_on_kind,benefit_group.effective_on_offset,plan_year.start_on,plan_year.end_on,plan_year.open_enrollment_start_on,plan_year.open_enrollment_end_on,plan_year.fte_count,plan_year.pte_count,plan_year.msp_count,plan_year.status,plan_year.publish_date,broker_agency_account.corporate_npn,broker_agency_account.legal_name,broker.name,broker.npn
"Spacely's Sprockets, Inc",Spacely's Sprockets,444123456,5f821d159af54215b6fee8f5c1752302,s_corporation,,self_serve,applicant,true,"100 Cosmic Way, NW","",Washington,DC,20001,"","","","","",,"","",""
"Cogswell Cogs, Inc",Cogswell Cogs,555123457,2c27640182304f8b91084dc4b92f644f,s_corporation,,self_serve,applicant,true,"100 Milky Way, SW","",Washington,DC,20001,"","","","","",,"","",""
Global Systems,1234,978978971,c9e621cca1004348b20d47722a8ee279,s_corporation,,self_serve,applicant,true,"823 Cosmic Way, NW","",Washington,DC,20001,"","","","","",,"","",""
Technology Solutions Inc.,3434,397897897,059bf9970f434a05ab1b6e875098f43d,c_corporation,,self_serve,applicant,true,"823 Cosmic Way, NW","",Washington,DC,20001,"","","","","",,"","",""
firkstlast,111111,111111111,8da9c19207c645dd9e64664f60fae0bc,tax_exempt_organization,,self_serve,applicant,true,washington,DC,washington,DC,20001,"","","","","",,first last,Not provided,employer@gov.dc
Company 1,1987,123453212,660a4e8c58f2447d89bd5c6e21e646ad,limited_liability_corporation,,self_serve,registered,true,1421,"",Washington DC,DC,20001,"","","","","",7039999999,Tracey Wang,703229999923,traceyw@vt.edu,100,true,100,true,100,true,100,true,0,true,Plan1,single_carrier,AHI,"",false,Aetna Silver OAMC 2500 90/50 HSA,first_of_month,0,11/01/2016,10/31/2017,09/08/2016,10/10/2016,3,3,3,enrolling,09/08/2016 18:46,,Agent1,Tracey Wang,1235324563
Company 1,1987,123453212,660a4e8c58f2447d89bd5c6e21e646ad,limited_liability_corporation,,self_serve,registered,true,1421,"",Washington DC,DC,20001,"","","","","",7039999999,Tracey Wang,703229999923,traceyw@vt.edu,80,true,80,true,80,true,80,true,0,true,plan2,single_carrier,KFMASI,"",false,KP DC Bronze 6000/30/10% HSA/Dental/Ped Dental,first_of_month,0,11/01/2016,10/31/2017,09/08/2016,10/10/2016,3,3,3,enrolling,09/08/2016 18:46,,Agent1,Tracey Wang,1235324563
Company 1,1987,123453212,660a4e8c58f2447d89bd5c6e21e646ad,limited_liability_corporation,,self_serve,registered,true,1421,"",Washington DC,DC,20001,"","","","","",7039999999,Tracey Wang,703229999923,traceyw@vt.edu,65,true,50,true,50,true,55,true,0,true,Plan3,single_carrier,GHMSI,"",false,BlueChoice Advantage HSA/HRA Silver 3000,first_of_month,0,11/01/2016,10/31/2017,09/08/2016,10/10/2016,3,3,3,enrolling,09/08/2016 18:46,,Agent1,Tracey Wang,1235324563
